Lewis Black: Thanks for Risking Your Life (2020) , https://yts.mx/movies/lewis-black-thanks-for-risking-your-life-2020 , magnet:?xt=urn:btih:66E1E056A61648B6254618AA8A040E46486DBB56&amp;dn=Lewis+Black%3A+Thanks+for+Risking+Your+Life+%282020%29+%5B720p%5D+%5BYTS.MX%5D&amp;tr=udp%3A%2F%2Fglotorrents.pw%3A6969%2Fannounce&amp;tr=udp%3A%2F%2Ftracker.openbittorrent.com%3A80&amp;tr=udp%3A%2F%2Ftracker.coppersurfer.tk%3A6969&amp;tr=udp%3A%2F%2Fp4p.arenabg.ch%3A1337&amp;tr=udp%3A%2F%2Ftracker.internetwarriors.net%3A1337 , https://img.yts.mx/assets/images/movies/lewis_black_thanks_for_risking_your_life_2020/medium-cover.jpg , https://www.youtube.com/embed/NKhzlctt25Q , IEluIHRoaXMgdGltZWx5IHNwZWNpYWwsIGZpbG1lZCBhdCB0aGUgc3RhcnQgb2YgdGhlIENvcm9uYSBjbG9zdXJlIG9mIHRoZSBjb3VudHJ5LCBMZXdpcyBCbGFjayB1bmxlYXNoZXMgaGlzIGZ1cmlvdXNseSBmdW5ueSBpbmRpZ25hdGlvbiBhdCBjb25zdW1lcmlzbSwgZHJ1ZyBjb21wYW5pZXMsIGFuZCBoaXMgZmF2b3JpdGUgdGFyZ2V0LXRoZSBwZXJwZXRyYXRvcnMgb2YgcHVibGljIHBvbGljeSBhYnN1cmRpdHkuIAo= , https://yts.mx/torrent/download/66E1E056A61648B6254618AA8A040E46486DBB56
Mariah Carey's Magical Christmas Special (2020) , https://yts.mx/movies/mariah-careys-magical-christmas-special-2020 , magnet:?xt=urn:btih:3E989EB84D2E07EB348D4994BACAB736C6D9E675&amp;dn=Mariah+Carey%27s+Magical+Christmas+Special+%282020%29+%5B720p%5D+%5BYTS.MX%5D&amp;tr=udp%3A%2F%2Fglotorrents.pw%3A6969%2Fannounce&amp;tr=udp%3A%2F%2Ftracker.openbittorrent.com%3A80&amp;tr=udp%3A%2F%2Ftracker.coppersurfer.tk%3A6969&amp;tr=udp%3A%2F%2Fp4p.arenabg.ch%3A1337&amp;tr=udp%3A%2F%2Ftracker.internetwarriors.net%3A1337 , https://img.yts.mx/assets/images/movies/mariah_careys_magical_christmas_special_2020/medium-cover.jpg , https://www.youtube.com/embed/KA7GxpLH_5A , IFdoZW4gdGhlIHdvcmxkIGlzIGZhY2VkIHdpdGggYSBob2xpZGF5IGNoZWVyIGNyaXNpcywgdGhlIE5vcnRoIFBvbGUga25vd3Mgb25seSBvbmUgcGVyc29uIHdobyBjYW4gc29sdmUgaXQ6IFNhbnRhJ3MgZ3JlYXQgZnJpZW5kLCBNYXJpYWggQ2FyZXkuIAo= , https://yts.mx/torrent/download/3E989EB84D2E07EB348D4994BACAB736C6D9E675
Sputnik (2020) , https://yts.mx/movies/sputnik-2020 , magnet:?xt=urn:btih:8E69E5424B1529C79508327C188380EDDA6895D1&amp;dn=Sputnik+%282020%29+%5B720p%5D+%5BYTS.MX%5D&amp;tr=udp%3A%2F%2Fglotorrents.pw%3A6969%2Fannounce&amp;tr=udp%3A%2F%2Ftracker.openbittorrent.com%3A80&amp;tr=udp%3A%2F%2Ftracker.coppersurfer.tk%3A6969&amp;tr=udp%3A%2F%2Fp4p.arenabg.ch%3A1337&amp;tr=udp%3A%2F%2Ftracker.internetwarriors.net%3A1337 , https://img.yts.mx/assets/images/movies/sputnik_2020/medium-cover.jpg , https://www.youtube.com/embed/xhLORcya9GU , IEF0IHRoZSBoZWlnaHQgb2YgdGhlIENvbGQgV2FyLCBhIFNvdmlldCBzcGFjZWNyYWZ0IGNyYXNoIGxhbmRzIGFmdGVyIGEgbWlzc2lvbiBnb25lIGF3cnksIGxlYXZpbmcgdGhlIGNvbW1hbmRlciBhcyBpdHMgb25seSBzdXJ2aXZvci4gQWZ0ZXIgYSByZW5vd25lZCBSdXNzaWFuIHBzeWNob2xvZ2lzdCBpcyBicm91Z2h0IGluIHRvIGV2YWx1YXRlIHRoZSBjb21tYW5kZXIncyBtZW50YWwgc3RhdGUsIGl0IGJlY29tZXMgY2xlYXIgdGhhdCBzb21ldGhpbmcgZGFuZ2Vyb3VzIG1heSBoYXZlIGNvbWUgYmFjayB0byBFYXJ0aCB3aXRoIGhpbS4gCg== , https://yts.mx/torrent/download/8E69E5424B1529C79508327C188380EDDA6895D1
The Wolf of Snow Hollow (2020) , https://yts.mx/movies/the-wolf-of-snow-hollow-2020 , magnet:?xt=urn:btih:B8009DF22BE438C4D993DAAE3442A42A3ACF08C0&amp;dn=The+Wolf+of+Snow+Hollow+%282020%29+%5B720p%5D+%5BYTS.MX%5D&amp;tr=udp%3A%2F%2Fglotorrents.pw%3A6969%2Fannounce&amp;tr=udp%3A%2F%2Ftracker.openbittorrent.com%3A80&amp;tr=udp%3A%2F%2Ftracker.coppersurfer.tk%3A6969&amp;tr=udp%3A%2F%2Fp4p.arenabg.ch%3A1337&amp;tr=udp%3A%2F%2Ftracker.internetwarriors.net%3A1337 , https://img.yts.mx/assets/images/movies/the_wolf_of_snow_hollow_2020/medium-cover.jpg , https://www.youtube.com/embed/q03zOoH-hGo , IFRlcnJvciBncmlwcyBhIHNtYWxsIG1vdW50YWluIHRvd24gYXMgYm9kaWVzIGFyZSBkaXNjb3ZlcmVkIGFmdGVyIGVhY2ggZnVsbCBtb29uLiBMb3Npbmcgc2xlZXAsIHJhaXNpbmcgYSB0ZWVuYWdlIGRhdWdodGVyLCBhbmQgY2FyaW5nIGZvciBoaXMgYWlsaW5nIGZhdGhlciwgb2ZmaWNlciBNYXJzaGFsbCBzdHJ1Z2dsZXMgdG8gcmVtaW5kIGhpbXNlbGYgdGhlcmUncyBubyBzdWNoIHRoaW5nIGFzIHdlcmV3b2x2ZXMuIAo= , https://yts.mx/torrent/download/B8009DF22BE438C4D993DAAE3442A42A3ACF08C0
Wild Mountain Thyme (2020) , https://yts.mx/movies/wild-mountain-thyme-2020 , magnet:?xt=urn:btih:4833E6DC260FE427AB3FAA718B2495B86DFFFB56&amp;dn=Wild+Mountain+Thyme+%282020%29+%5B720p%5D+%5BYTS.MX%5D&amp;tr=udp%3A%2F%2Fglotorrents.pw%3A6969%2Fannounce&amp;tr=udp%3A%2F%2Ftracker.openbittorrent.com%3A80&amp;tr=udp%3A%2F%2Ftracker.coppersurfer.tk%3A6969&amp;tr=udp%3A%2F%2Fp4p.arenabg.ch%3A1337&amp;tr=udp%3A%2F%2Ftracker.internetwarriors.net%3A1337 , https://img.yts.mx/assets/images/movies/wild_mountain_thyme_2020/medium-cover.jpg , https://www.youtube.com/embed/kadUgcIxODM , IEpvaG4gUGF0cmljayBTaGFubGV5LCB3aG8gY3JlYXRlZCB0aGUgY2xhc3NpYyBNT09OU1RSVUNLLCBicmluZ3MgaGlzIHN3ZWVwaW5nIHJvbWFudGljIHZpc2lvbiB0byBJcmVsYW5kIHdpdGggV2lsZCBNb3VudGFpbiBUaHltZS4gVGhlIGhlYWRzdHJvbmcgZmFybWVyIFJvc2VtYXJ5IE11bGRvb24gKEVtaWx5IEJsdW50KSBoYXMgaGVyIGhlYXJ0IHNldCBvbiB3aW5uaW5nIGhlciBuZWlnaGJvciBBbnRob255IFJlaWxseSdzIGxvdmUuIFRoZSBwcm9ibGVtIGlzIEFudGhvbnkgKEphbWllIERvcm5hbikgc2VlbXMgdG8gaGF2ZSBpbmhlcml0ZWQgYSBmYW1pbHkgY3Vyc2UsIGFuZCByZW1haW5zIG9ibGl2aW91cyB0byBoaXMgYmVhdXRpZnVsIGFkbWlyZXIuIFN0dW5nIGJ5IGhpcyBmYXRoZXIgVG9ueSdzIChDaHJpc3RvcGhlciBXYWxrZW4pIHBsYW5zIHRvIHNlbGwgdGhlIGZhbWlseSBmYXJtIHRvIGhpcyBBbWVyaWNhbiBuZXBoZXcgKEpvbiBIYW1tKSwgQW50aG9ueSBpcyBqb2x0ZWQgaW50byBwdXJzdWluZyBoaXMgZHJlYW1zIGluIHRoaXMgY29tZWRpYywgbW92aW5nIGFuZCB3aWxkbHkgcm9tYW50aWMgdGFsZS4gCg== , https://yts.mx/torrent/download/4833E6DC260FE427AB3FAA718B2495B86DFFFB56
Suraj Pe Mangal Bhari (2020) , https://yts.mx/movies/suraj-pe-mangal-bhari-2020 , magnet:?xt=urn:btih:61F1FF777E3A659267DCCAE3E0628675832357BF&amp;dn=Suraj+Pe+Mangal+Bhari+%282020%29+%5B720p%5D+%5BYTS.MX%5D&amp;tr=udp%3A%2F%2Fglotorrents.pw%3A6969%2Fannounce&amp;tr=udp%3A%2F%2Ftracker.openbittorrent.com%3A80&amp;tr=udp%3A%2F%2Ftracker.coppersurfer.tk%3A6969&amp;tr=udp%3A%2F%2Fp4p.arenabg.ch%3A1337&amp;tr=udp%3A%2F%2Ftracker.internetwarriors.net%3A1337 , https://img.yts.mx/assets/images/movies/suraj_pe_mangal_bhari_2020/medium-cover.jpg , https://www.youtube.com/watch?v=hs2MPHRkP9A , IEluIHRoZSAxOTkwcywgYSB3ZWRkaW5nIGRldGVjdGl2ZSBoYXMgdG8gcGVyZm9ybSBiYWNrZ3JvdW5kIGNoZWNrcyBvbiBwcm9zcGVjdGl2ZSBncm9vbXMuIEluIHRoZSB0aW1lIGJlZm9yZSBzb2NpYWwgbWVkaWEgYW5kIG1vYmlsZSBwaG9uZXMsIGV2ZXJ5dGhpbmcgaGFzIHRvIGJlIGRvbmUgaW4gcGVyc29uLiAK , https://yts.mx/torrent/download/61F1FF777E3A659267DCCAE3E0628675832357BF
Tenet (2020) , https://yts.mx/movies/tenet-2020 , magnet:?xt=urn:btih:F508A897DEF7EE16EB7101B01768A7A6F9401DCE&amp;dn=Tenet+%282020%29+%5B720p%5D+%5BYTS.MX%5D&amp;tr=udp%3A%2F%2Fglotorrents.pw%3A6969%2Fannounce&amp;tr=udp%3A%2F%2Ftracker.openbittorrent.com%3A80&amp;tr=udp%3A%2F%2Ftracker.coppersurfer.tk%3A6969&amp;tr=udp%3A%2F%2Fp4p.arenabg.ch%3A1337&amp;tr=udp%3A%2F%2Ftracker.internetwarriors.net%3A1337 , https://img.yts.mx/assets/images/movies/tenet_2020/medium-cover.jpg , https://www.youtube.com/embed/LdOM0x0XDMo , IEluIGEgdHdpbGlnaHQgd29ybGQgb2YgaW50ZXJuYXRpb25hbCBlc3Bpb25hZ2UsIGFuIHVubmFtZWQgQ0lBIG9wZXJhdGl2ZSwga25vd24gYXMgVGhlIFByb3RhZ29uaXN0LCBpcyByZWNydWl0ZWQgYnkgYSBteXN0ZXJpb3VzIG9yZ2FuaXphdGlvbiBjYWxsZWQgVGVuZXQgdG8gcGFydGljaXBhdGUgaW4gYSBnbG9iYWwgYXNzaWdubWVudCB0aGF0IHVuZm9sZHMgYmV5b25kIHJlYWwgdGltZS4gVGhlIG1pc3Npb246IHByZXZlbnQgQW5kcmVpIFNhdG9yLCBhIHJlbmVnYWRlIFJ1c3NpYW4gb2xpZ2FyY2ggd2l0aCBwcmVjb2duaXRpb24gYWJpbGl0aWVzLCBmcm9tIHN0YXJ0aW5nIFdvcmxkIFdhciBJSUkuIFRoZSBQcm90YWdvbmlzdCB3aWxsIHNvb24gbWFzdGVyIHRoZSBhcnQgb2YgInRpbWUgaW52ZXJzaW9uIiBhcyBhIHdheSBvZiBjb3VudGVyaW5nIHRoZSB0aHJlYXQgdGhhdCBpcyB0byBjb21lLiAK , https://yts.mx/torrent/download/F508A897DEF7EE16EB7101B01768A7A6F9401DCE
Let Them All Talk (2020) , https://yts.mx/movies/let-them-all-talk-2020 , magnet:?xt=urn:btih:3201E09A9861CD8A441EE9EA61AF95645DB627D3&amp;dn=Let+Them+All+Talk+%282020%29+%5B720p%5D+%5BYTS.MX%5D&amp;tr=udp%3A%2F%2Fglotorrents.pw%3A6969%2Fannounce&amp;tr=udp%3A%2F%2Ftracker.openbittorrent.com%3A80&amp;tr=udp%3A%2F%2Ftracker.coppersurfer.tk%3A6969&amp;tr=udp%3A%2F%2Fp4p.arenabg.ch%3A1337&amp;tr=udp%3A%2F%2Ftracker.internetwarriors.net%3A1337 , https://img.yts.mx/assets/images/movies/let_them_all_talk_2020/medium-cover.jpg , https://www.youtube.com/embed/Q6DHWEii8eo , IEEgZmFtb3VzIGF1dGhvciBnb2VzIG9uIGEgY3J1aXNlIHRyaXAgd2l0aCBoZXIgZnJpZW5kcyBhbmQgbmVwaGV3IGluIGFuIGVmZm9ydCB0byBmaW5kIGZ1biBhbmQgaGFwcGluZXNzIHdoaWxlIHNoZSBjb21lcyB0byB0ZXJtcyB3aXRoIGhlciB0cm91YmxlZCBwYXN0LiAK , https://yts.mx/torrent/download/3201E09A9861CD8A441EE9EA61AF95645DB627D3
The Call (2020) , https://yts.mx/movies/the-call-2020 , magnet:?xt=urn:btih:1E54825424AAB24E3229F436AF716EBE44B213EC&amp;dn=The+Call+%282020%29+%5B720p%5D+%5BYTS.MX%5D&amp;tr=udp%3A%2F%2Fglotorrents.pw%3A6969%2Fannounce&amp;tr=udp%3A%2F%2Ftracker.openbittorrent.com%3A80&amp;tr=udp%3A%2F%2Ftracker.coppersurfer.tk%3A6969&amp;tr=udp%3A%2F%2Fp4p.arenabg.ch%3A1337&amp;tr=udp%3A%2F%2Ftracker.internetwarriors.net%3A1337 , https://img.yts.mx/assets/images/movies/the_call_2020/medium-cover.jpg , https://www.youtube.com/embed/dWvBCmPKrv0 , IEluIHRoZSBmYWxsIG9mIDE5ODcsIGEgZ3JvdXAgb2Ygc21hbGwtdG93biBmcmllbmRzIG11c3Qgc3Vydml2ZSB0aGUgbmlnaHQgaW4gdGhlIGhvbWUgb2YgYSBzaW5pc3RlciBjb3VwbGUgYWZ0ZXIgYSB0cmFnaWMgYWNjaWRlbnQgYnJpbmdzIHRoZW0gdG8gdGhlIGNvdXBsZSdzIGRvb3IuIAo= , https://yts.mx/torrent/download/1E54825424AAB24E3229F436AF716EBE44B213EC
The Dark and the Wicked (2020) , https://yts.mx/movies/the-dark-and-the-wicked-2020 , magnet:?xt=urn:btih:B716AE57254D7049C87C05BFC574A98C67E7074B&amp;dn=The+Dark+and+the+Wicked+%282020%29+%5B720p%5D+%5BYTS.MX%5D&amp;tr=udp%3A%2F%2Fglotorrents.pw%3A6969%2Fannounce&amp;tr=udp%3A%2F%2Ftracker.openbittorrent.com%3A80&amp;tr=udp%3A%2F%2Ftracker.coppersurfer.tk%3A6969&amp;tr=udp%3A%2F%2Fp4p.arenabg.ch%3A1337&amp;tr=udp%3A%2F%2Ftracker.internetwarriors.net%3A1337 , https://img.yts.mx/assets/images/movies/the_dark_and_the_wicked_2020/medium-cover.jpg , https://www.youtube.com/embed/FwN8Crl_DxQ , IFRoZSBEYXJrIGFuZCBUaGUgV2lja2VkIGZvbGxvd3MgdHdvIHNpYmxpbmdzIHdobyBhcmUgc3VtbW9uZWQgYmFjayB0byB0aGUgZmFtaWx5IGZhcm0gdG8gYXdhaXQgdGhlIGluZXZpdGFiaWxpdHkgb2YgdGhlaXIgZmF0aGVyJ3MgZGVhdGguIFdoYXQgaW5pdGlhbGx5IGFwcGVhcnMgdG8gYmUgYSB0aW1lbGVzcyByaXR1YWwgb2YgbG9zcyBhbmQgcmVtZW1icmFuY2UgdHVybnMgb3V0IHRvIGJlIHNvbWV0aGluZyB2ZXJ5IGRpZmZlcmVudC4gCg== , https://yts.mx/torrent/download/B716AE57254D7049C87C05BFC574A98C67E7074B
Wheels of Fortune (2020) , https://yts.mx/movies/wheels-of-fortune-2020 , magnet:?xt=urn:btih:9BE6309F10DA7BE250999900F9E6BDDDEF55D9F4&amp;dn=Wheels+of+Fortune+%282020%29+%5B720p%5D+%5BYTS.MX%5D&amp;tr=udp%3A%2F%2Fglotorrents.pw%3A6969%2Fannounce&amp;tr=udp%3A%2F%2Ftracker.openbittorrent.com%3A80&amp;tr=udp%3A%2F%2Ftracker.coppersurfer.tk%3A6969&amp;tr=udp%3A%2F%2Fp4p.arenabg.ch%3A1337&amp;tr=udp%3A%2F%2Ftracker.internetwarriors.net%3A1337 , https://img.yts.mx/assets/images/movies/wheels_of_fortune_2020/medium-cover.jpg , https://www.youtube.com/watch?v=ELHtCyMRuY4 , IEluIG9yZGVyIHRvIGNsYWltIGhpcyBpbmhlcml0YW5jZSwgYSBib3JuIGxvc2VyIHRyYXZlbHMgdGhlIGNvdW50cnkgd2l0aCBoaXMgY2hpbGRob29kIGZyaWVuZHMgdG8gcHJvdmUgaGUgY2FuIGJlIGEgd2lubmVyLiBJc2guIAo= , https://yts.mx/torrent/download/9BE6309F10DA7BE250999900F9E6BDDDEF55D9F4
Archenemy (2020) , https://yts.mx/movies/archenemy-2020 , magnet:?xt=urn:btih:B08C9382B8D08075AE79E0ECE9825B259FF5A92E&amp;dn=Archenemy+%282020%29+%5B720p%5D+%5BYTS.MX%5D&amp;tr=udp%3A%2F%2Fglotorrents.pw%3A6969%2Fannounce&amp;tr=udp%3A%2F%2Ftracker.openbittorrent.com%3A80&amp;tr=udp%3A%2F%2Ftracker.coppersurfer.tk%3A6969&amp;tr=udp%3A%2F%2Fp4p.arenabg.ch%3A1337&amp;tr=udp%3A%2F%2Ftracker.internetwarriors.net%3A1337 , https://img.yts.mx/assets/images/movies/archenemy_2020/medium-cover.jpg , https://www.youtube.com/embed/1sIX8txJ42s , IE1heCBGaXN0IGNsYWltcyB0byBiZSBhIGhlcm8gZnJvbSBhbm90aGVyIGRpbWVuc2lvbiB3aG8gZmVsbCB0aHJvdWdoIHRpbWUgYW5kIHNwYWNlIHRvIGVhcnRoLCB3aGVyZSBoZSBoYXMgbm8gcG93ZXJzLiBObyBvbmUgYmVsaWV2ZXMgaGlzIHN0b3JpZXMgZXhjZXB0IGZvciBhIGxvY2FsIHRlZW4gbmFtZWQgSGFtc3Rlci4gCg== , https://yts.mx/torrent/download/B08C9382B8D08075AE79E0ECE9825B259FF5A92E
Don't Click (2020) , https://yts.mx/movies/dont-click-2020 , magnet:?xt=urn:btih:2C4187B76B5258D43E4E5BEB61C57FCC0557B444&amp;dn=Don%27t+Click+%282020%29+%5B720p%5D+%5BYTS.MX%5D&amp;tr=udp%3A%2F%2Fglotorrents.pw%3A6969%2Fannounce&amp;tr=udp%3A%2F%2Ftracker.openbittorrent.com%3A80&amp;tr=udp%3A%2F%2Ftracker.coppersurfer.tk%3A6969&amp;tr=udp%3A%2F%2Fp4p.arenabg.ch%3A1337&amp;tr=udp%3A%2F%2Ftracker.internetwarriors.net%3A1337 , https://img.yts.mx/assets/images/movies/dont_click_2020/medium-cover.jpg , https://www.youtube.com/watch?v=GMMaqbpQvBo , IEFmdGVyIGFjY2Vzc2luZyBhIHBvcm5vZ3JhcGhpYyB3ZWJzaXRlLCB0d28gbWVuIHdha2UgdXAgdG8gZmluZCB0aGVtc2VsdmVzIHRyYXBwZWQgaW4gYSBkdW5nZW9uIHdpdGggYSBzdXBlcm5hdHVyYWwgZW50aXR5LiAK , https://yts.mx/torrent/download/2C4187B76B5258D43E4E5BEB61C57FCC0557B444
We Still Say Grace (2020) , https://yts.mx/movies/we-still-say-grace-2020 , magnet:?xt=urn:btih:5657804E4DFD597AEBBC2441CE55449361D60A19&amp;dn=We+Still+Say+Grace+%282020%29+%5B720p%5D+%5BYTS.MX%5D&amp;tr=udp%3A%2F%2Fglotorrents.pw%3A6969%2Fannounce&amp;tr=udp%3A%2F%2Ftracker.openbittorrent.com%3A80&amp;tr=udp%3A%2F%2Ftracker.coppersurfer.tk%3A6969&amp;tr=udp%3A%2F%2Fp4p.arenabg.ch%3A1337&amp;tr=udp%3A%2F%2Ftracker.internetwarriors.net%3A1337 , https://img.yts.mx/assets/images/movies/we_still_say_grace_2020/medium-cover.jpg , https://www.youtube.com/embed/Z3wkYUjT6NU , IFRoZSB0ZWVuYWdlIGRhdWdodGVyIChIb2xseSBUYXlsb3IpIG9mIGEgcmVsaWdpb3VzIGZhbmF0aWMgKEJydWNlIERhdmlzb24pIGF0dGVtcHRzIHRvIGVzY2FwZSBoZXIgZmF0aGVyJ3MgZGVsdXNpb25hbCBzdWljaWRlIHBhY3QgYWZ0ZXIgdGhyZWUgc3RyYW5nZXJzIGJyZWFrIGRvd24gbmVhciBoZXIgZmFtaWx5J3MgcmVtb3RlIHJ1cmFsIGNvbXBvdW5kLiAK , https://yts.mx/torrent/download/5657804E4DFD597AEBBC2441CE55449361D60A19
I'm Your Woman (2020) , https://yts.mx/movies/im-your-woman-2020 , magnet:?xt=urn:btih:743E3AF228477199DB452307DE2ECE57FEBE9308&amp;dn=I%27m+Your+Woman+%282020%29+%5B720p%5D+%5BYTS.MX%5D&amp;tr=udp%3A%2F%2Fglotorrents.pw%3A6969%2Fannounce&amp;tr=udp%3A%2F%2Ftracker.openbittorrent.com%3A80&amp;tr=udp%3A%2F%2Ftracker.coppersurfer.tk%3A6969&amp;tr=udp%3A%2F%2Fp4p.arenabg.ch%3A1337&amp;tr=udp%3A%2F%2Ftracker.internetwarriors.net%3A1337 , https://img.yts.mx/assets/images/movies/im_your_woman_2020/medium-cover.jpg , https://www.youtube.com/embed/fAveuCPBYSw , IEluIHRoaXMgMTk3MHMgc2V0IGNyaW1lIGRyYW1hLCBhIHdvbWFuIGlzIGZvcmNlZCB0byBnbyBvbiB0aGUgcnVuIGFmdGVyIGhlciBodXNiYW5kIGJldHJheXMgaGlzIHBhcnRuZXJzLCBzZW5kaW5nIGhlciBhbmQgaGVyIGJhYnkgb24gYSBkYW5nZXJvdXMgam91cm5leS4gCg== , https://yts.mx/torrent/download/743E3AF228477199DB452307DE2ECE57FEBE9308
